{
    "acceleration": {
        "A": 1500,
        "B": 200,
        "C": 200,
        "X": 3000,
        "Y": 2000,
        "Z": 1500
    },
    "default_current": {
        "A": 0.8,
        "B": 0.05,
        "C": 0.05,
        "X": 1.25,
        "Y": 1.25,
        "Z": 0.8
    },
    "default_max_speed": {
        "A": 125,
        "B": 40,
        "C": 40,
        "X": 600,
        "Y": 400,
        "Z": 125
    },
    "gantry_steps_per_mm": {
        "A": 400,
        "X": 80.0,
        "Y": 80.0,
        "Z": 400
    },
    "high_current": {
        "A": 0.8,
        "B": 0.5,
        "C": 0.5,
        "X": 1.25,
        "Y": 1.25,
        "Z": 0.8
    },
    "instrument_offset": {
        "left": {
            "multi": [
                -0.9717108392529781,
                -0.564215625983195,
                0.0
            ],
            "single": [
                -11.146104397579734,
                -0.018726210204476956,
                0.0
            ]
        },
        "right": {
            "multi": [
                -10.704816689801802,
                -0.8323993985398714,
                0.0
            ],
            "single": [
                0.4993483342825584,
                -0.0054163015869903575,
                0.0
            ]
        }
    },
    "log_level": "INFO",
    "low_current": {
        "A": 0.1,
        "B": 0.05,
        "C": 0.05,
        "X": 0.3,
        "Y": 0.3,
        "Z": 0.1
    },
    "mount_offset": [
        -30.703575353465133,
        0.0017863612971478204,
        0.6000000000000085
    ],
    "name": "Ada Lovelace",
    "serial_speed": 115200,
    "steps_per_mm": "M92 X80.00 Y80.00 Z400 A400 B768 C768",
    "tip_length": {
        "p50_multi_v1.5": 38.49000000000001
    },
    "tip_probe": {
        "bounce_distance": 5.0,
        "center": [
            281.6769308911713,
            300.46651444712467,
            73.505
        ],
        "dimensions": [
            35.0,
            40.0,
            79.3
        ],
        "switch_clearance": 7.5,
        "switch_offset": [
            2.0,
            5.0,
            5.0
        ],
        "z_clearance": {
            "crossover": 35,
            "deck": 5.0,
            "normal": 5.0,
            "start": 20
        }
    },
    "version": 3

